{
   "Slime": {
      "name": "Slime",
      "image": "Slime",
      "damagedImage": "Slime_damaged",
      "str": 5,
      "agility": 3,
      "hp": 3,
      "resist":{"sleep":0,"stopSpell":15,"hurt":0},
      "dodge": 1,
      "xp": 1,
      "gp": 1,
      "ai": "attackOnly"
   },
   "RedSlime": {
      "name": "Red Slime",
      "image": "RedSlime",
      "damagedImage": "Slime_damaged",
      "str": 7,
      "agility": 3,
      "hp": 4,
      "resist":{"sleep":0,"stopSpell":15,"hurt":0},
      "dodge": 1,
      "xp": 1,
      "gp": 2,
      "ai": "attackOnly"
   },
   "Drakee": {
      "name": "Drakee",
      "image": "Drakee",
      "damagedImage": "Drakee_damaged",
      "str": 9,
      "agility": 6,
      "hp": [5, 6],
      "resist":{"sleep":0,"stopSpell":15,"hurt":0},
      "dodge": 1,
      "xp": 2,
      "gp": 2,
      "ai": "attackOnly"
   }
}
