{
   "weapons": {
      
      "wetNoodle": { "baseCost": 1, "power": 0, "displayName": "Wet Noodle" },
      
      "bambooPole": { "baseCost": 10, "power": 2, "displayName": "Bamboo Pole" },
      
      "club": { "baseCost": 60, "power": 4, "displayName": "Club" },
      
      "copperSword": { "baseCost": 180, "power": 10, "displayName": "Copper Sword" },
      
      "handAxe": { "baseCost": 560, "power": 15, "displayName": "Hand Axe" },
      
      "broadSword": { "baseCost": 1500, "power": 20, "displayName": "Broad Sword" },
      
      "flameSword": { "baseCost": 9800, "power": 28, "displayName": "Flame Sword" },
      
      "erdricksSword": { "baseCost": 0, "power": 40, "displayName": "Erdrick's Sword" }
      
   },
   
   "armor": {
      
      "clothes": { "baseCost": 20, "defense": 2, "displayName": "Clothes" },
      
      "leatherArmor": { "baseCost": 70, "defense": 4, "displayName": "Leather Armor" },
      
      "chainMail": { "baseCost": 300, "defense": 10, "displayName": "Chain Mail" },
      
      "halfPlate": { "baseCost": 1000, "defense": 16, "displayName": "Half Plate" },
      
      "fullPlate": { "baseCost": 3000, "defense": 24, "displayName": "Full Plate" },
      
      "magicArmor": { "baseCost": 7700, "defense": 24, "displayName": "Magic Armor" },
      
      "erdricksArmor": { "baseCost": -1, "defense": 28, "displayName": "Erdrick's Armor" }
      
   },
   
   "shields": {
      
      "smallShield": { "baseCost": 90, "defense": 4, "displayName": "Small Shield" },
      
      "largeShield": { "baseCost": 800, "defense": 10, "displayName": "Large Shield" },
      
      "silverShield": { "baseCost": 14800, "defense": 20, "displayName": "Silver Shield" }
      
   }
   
}
