{ "height":38,
 "layers":[
        {
         "data":[0, 0, 0, 0, 0, 0, 0, 0, 0, 0, 0, 0, 0, 0, 0, 0, 0, 0, 0, 0, 0, 0, 0, 0, 0, 0, 0, 0, 0, 0, 0, 0, 0, 0, 0, 0, 0, 0, 0, 0, 0, 0, 0, 0, 0, 0, 0, 0, 0, 0, 0, 0, 0, 0, 0, 0, 0, 0, 0, 0, 0, 0, 0, 0, 0, 0, 0, 0, 0, 0, 0, 0, 0, 0, 0, 0, 0, 0, 0, 0, 0, 0, 0, 0, 0, 0, 0, 0, 0, 0, 0, 0, 0, 0, 0, 0, 0, 0, 0, 0, 0, 0, 0, 0, 0, 0, 0, 0, 0, 0, 0, 0, 0, 0, 0, 0, 0, 0, 0, 0, 0, 0, 0, 0, 0, 0, 0, 0, 0, 0, 0, 0, 0, 0, 0, 0, 0, 0, 0, 0, 0, 0, 0, 0, 0, 0, 0, 0, 0, 0, 0, 0, 0, 0, 0, 0, 0, 0, 0, 0, 0, 0, 0, 0, 0, 0, 0, 0, 0, 0, 0, 0, 0, 0, 0, 0, 0, 0, 0, 0, 0, 0, 0, 0, 0, 0, 0, 0, 0, 0, 0, 0, 0, 0, 0, 0, 0, 0, 0, 0, 0, 0, 0, 0, 0, 0, 0, 0, 0, 0, 0, 0, 0, 0, 0, 0, 0, 0, 0, 0, 0, 0, 0, 0, 0, 0, 0, 0, 0, 0, 0, 0, 0, 0, 0, 0, 0, 0, 0, 0, 0, 0, 0, 0, 0, 0, 0, 0, 0, 0, 0, 0, 0, 0, 0, 0, 0, 0, 0, 0, 0, 0, 0, 0, 0, 0, 0, 0, 0, 0, 0, 0, 0, 0, 0, 0, 0, 0, 0, 0, 0, 0, 0, 0, 0, 0, 0, 0, 0, 0, 0, 0, 0, 0, 0, 0, 0, 0, 0, 0, 0, 0, 0, 0, 0, 0, 0, 0, 0, 0, 0, 0, 0, 0, 0, 0, 0, 0, 0, 0, 0, 0, 0, 0, 0, 0, 0, 0, 0, 0, 0, 0, 0, 0, 0, 0, 0, 0, 0, 0, 0, 0, 0, 0, 0, 0, 0, 0, 0, 0, 0, 0, 0, 0, 0, 0, 0, 0, 0, 0, 0, 0, 0, 0, 0, 0, 0, 0, 0, 0, 0, 0, 0, 0, 0, 0, 0, 0, 0, 0, 0, 0, 0, 0, 0, 0, 0, 0, 0, 0, 0, 0, 0, 0, 0, 0, 0, 0, 0, 0, 0, 0, 0, 0, 0, 0, 0, 0, 0, 0, 0, 0, 0, 0, 0, 0, 0, 0, 0, 0, 0, 0, 0, 0, 0, 0, 0, 0, 0, 0, 0, 0, 0, 0, 0, 0, 0, 0, 0, 0, 0, 0, 0, 0, 0, 0, 0, 0, 0, 0, 0, 0, 0, 0, 0, 0, 0, 0, 0, 0, 0, 0, 0, 0, 0, 0, 0, 0, 0, 0, 0, 0, 0, 0, 0, 0, 0, 0, 0, 0, 0, 0, 0, 0, 0, 0, 0, 0, 0, 0, 0, 0, 0, 0, 0, 0, 0, 0, 0, 0, 0, 0, 0, 0, 0, 0, 0, 0, 0, 0, 0, 0, 0, 0, 0, 0, 0, 0, 0, 0, 0, 0, 0, 0, 0, 0, 0, 0, 0, 0, 0, 0, 0, 0, 0, 0, 0, 0, 0, 0, 0, 0, 0, 0, 0, 0, 0, 0, 0, 0, 0, 0, 0, 0, 0, 0, 0, 0, 0, 0, 0, 0, 0, 0, 0, 0, 0, 0, 0, 0, 0, 0, 0, 0, 0, 0, 0, 0, 0, 0, 0, 0, 0, 0, 0, 0, 0, 0, 0, 0, 0, 0, 0, 0, 0, 0, 0, 0, 0, 0, 0, 0, 0, 0, 0, 0, 0, 0, 0, 0, 0, 0, 0, 0, 0, 0, 0, 0, 0, 0, 0, 0, 0, 0, 0, 0, 0, 0, 0, 0, 0, 0, 0, 0, 0, 0, 0, 0, 0, 0, 0, 0, 0, 0, 0, 0, 0, 0, 0, 0, 0, 0, 0, 0, 0, 0, 0, 0, 0, 0, 0, 0, 0, 0, 0, 0, 0, 0, 0, 0, 0, 0, 0, 0, 0, 0, 0, 0, 0, 0, 0, 0, 0, 0, 0, 0, 0, 0, 0, 0, 0, 0, 0, 0, 0, 0, 0, 0, 0, 0, 0, 0, 0, 0, 0, 0, 0, 0, 0, 0, 0, 0, 0, 0, 0, 0, 0, 0, 0, 0, 0, 0, 0, 0, 0, 0, 0, 0, 0, 0, 0, 0, 0, 0, 0, 0, 0, 0, 0, 0, 0, 0, 0, 0, 0, 0, 0, 0, 0, 0, 0, 0, 0, 0, 0, 0, 0, 0, 0, 0, 0, 0, 0, 0, 0, 0, 0, 0, 0, 0, 0, 0, 0, 0, 0, 0, 0, 0, 0, 0, 0, 0, 0, 0, 0, 0, 0, 0, 0, 0, 0, 0, 0, 0, 0, 0, 0, 0, 0, 0, 0, 0, 0, 0, 0, 0, 0, 0, 0, 0, 0, 0, 0, 0, 0, 0, 0, 0, 0, 0, 0, 0, 0, 0, 0, 0, 0, 0, 0, 0, 0, 0, 0, 0, 0, 0, 0, 0, 0, 0, 0, 0, 0, 0, 0, 0, 0, 0, 0, 0, 0, 0, 0, 0, 0, 0, 0, 0, 0, 0, 0, 0, 0, 0, 0, 0, 0, 0, 0, 0, 0, 0, 0, 0, 0, 0, 0, 0, 0, 0, 0, 0, 0, 0, 0, 0, 0, 0, 0, 0, 0, 0, 0, 0, 0, 0, 0, 0, 0, 0, 0, 0, 0, 0, 0, 0, 0, 0, 0, 0, 0, 0, 0, 0, 0, 0, 0, 0, 0, 0, 0, 0, 0, 0, 0, 0, 0, 0, 0, 0, 0, 0, 0, 0, 0, 0, 0, 0, 0, 0, 0, 0, 0, 0, 0, 0, 0, 0, 0, 0, 0, 0, 0, 0, 0, 0, 0, 0, 2, 4, 2, 2, 2, 2, 0, 0, 0, 0, 0, 0, 0, 0, 0, 0, 0, 0, 0, 0, 0, 0, 0, 0, 0, 0, 0, 0, 0, 0, 0, 0, 0, 0, 0, 0, 0, 0, 0, 2, 4, 4, 2, 4, 2, 0, 0, 0, 0, 0, 0, 0, 0, 0, 0, 0, 0, 0, 0, 0, 0, 0, 0, 0, 0, 0, 0, 0, 0, 0, 0, 0, 0, 0, 0, 0, 0, 0, 2, 4, 4, 3, 4, 2, 0, 0, 0, 0, 0, 0, 0, 0, 0, 0, 0, 0, 0, 0, 0, 0, 0, 0, 0, 0, 0, 0, 0, 0, 0, 0, 0, 0, 0, 0, 0, 0, 0, 2, 4, 4, 2, 4, 2, 0, 0, 0, 0, 0, 0, 0, 0, 0, 0, 0, 0, 0, 0, 0, 0, 0, 0, 0, 0, 0, 0, 0, 0, 0, 0, 0, 0, 0, 0, 0, 0, 0, 2, 2, 2, 2, 2, 2, 0, 0, 0, 0, 0, 0, 0, 0, 0, 0, 0, 0, 0, 0, 0, 0, 0, 0, 0, 0, 0, 0, 0, 0, 0, 0, 0, 0, 0, 0, 0, 0, 0, 0, 0, 0, 0, 0, 0, 0, 0, 0, 0, 0, 0, 0, 0, 0, 0, 0, 0, 0, 0, 0, 0, 0, 0, 0, 0, 0, 0, 0, 0, 0, 0, 0, 0, 0, 0, 0, 0, 0, 0, 0, 0, 0, 0, 0, 0, 0, 0, 0, 0, 0, 0, 0, 0, 0, 0, 0, 0, 0, 0, 0, 0, 0, 0, 0, 0, 0, 0, 0, 0, 0, 0, 0, 0, 0, 0, 0, 0, 0, 0, 0, 0, 0, 0, 0, 0, 0, 0, 0, 0, 0, 0, 0, 0, 0, 0, 0, 0, 0, 0, 0, 0, 0, 0, 0, 0, 0, 0, 0, 0, 0, 0, 0, 0, 0, 0, 0, 0, 0, 0, 0, 0, 0, 0, 0, 0, 0, 0, 0, 0, 0, 0, 0, 0, 0, 0, 0, 0, 0, 0, 0, 0, 0, 0, 0, 0, 0, 0, 0, 0, 0, 0, 0, 0, 0, 0, 0, 0, 0, 0, 0, 0, 0, 0, 0, 0, 0, 0, 0, 0, 0, 0, 0, 0, 0, 0, 0, 0, 0, 0, 0, 0, 0, 0, 0, 0, 0, 0, 0, 0, 0, 0, 0, 0, 0, 0, 0, 0, 0, 0, 0, 0, 0, 0, 0, 0, 0, 0, 0, 0, 0, 0, 0, 0, 0, 0, 0, 0, 0, 0, 0, 0, 0, 0, 0, 0, 0, 0, 0, 0, 0, 0, 0, 0, 0, 0, 0, 0, 0, 0, 0, 0, 0, 0, 0, 0, 0, 0, 0, 0, 0, 0, 0, 0, 0, 0, 0, 0, 0, 0, 0, 0, 0, 0, 0, 0, 0, 0, 0, 0, 0, 0, 0, 0, 0, 0, 0, 0, 0, 0, 0, 0, 0, 0, 0, 0, 0, 0, 0, 0, 0, 0, 0, 0, 0, 0, 0, 0, 0, 0, 0, 0, 0, 0, 0, 0, 0, 0, 0, 0, 0, 0, 0, 0, 0, 0, 0, 0, 0, 0, 0, 0, 0, 0, 0, 0, 0, 0, 0],
         "height":38,
         "name":"tileLayer2",
         "opacity":1,
         "type":"tilelayer",
         "visible":false,
         "width":39,
         "x":0,
         "y":0
        }, 
        {
         "data":[27, 27, 27, 27, 27, 27, 27, 27, 27, 27, 27, 27, 27, 27, 27, 27, 27, 27, 27, 27, 27, 27, 27, 27, 27, 27, 27, 27, 27, 27, 27, 27, 27, 27, 27, 27, 27, 27, 27, 27, 2, 2, 2, 2, 2, 2, 2, 2, 2, 2, 2, 2, 2, 33, 4, 4, 33, 2, 2, 2, 2, 2, 2, 2, 2, 2, 2, 2, 2, 2, 27, 27, 27, 27, 27, 27, 27, 27, 27, 2, 28, 28, 28, 27, 27, 27, 27, 28, 28, 28, 28, 33, 33, 4, 4, 33, 33, 28, 28, 28, 28, 28, 28, 28, 28, 28, 28, 28, 2, 27, 27, 27, 27, 27, 27, 27, 27, 27, 2, 28, 28, 27, 27, 27, 27, 27, 27, 28, 27, 28, 27, 33, 4, 4, 33, 27, 27, 28, 2, 2, 2, 2, 2, 2, 2, 2, 28, 2, 27, 27, 27, 27, 27, 27, 27, 27, 27, 2, 28, 27, 2, 2, 2, 2, 2, 27, 27, 27, 27, 27, 27, 4, 4, 27, 27, 27, 28, 2, 4, 4, 2, 4, 49, 49, 2, 28, 2, 27, 27, 27, 27, 27, 27, 27, 27, 27, 2, 28, 27, 2, 4, 4, 4, 2, 27, 27, 27, 27, 27, 27, 4, 4, 33, 27, 27, 27, 2, 4, 4, 3, 4, 49, 49, 2, 28, 2, 27, 27, 27, 27, 27, 27, 27, 27, 27, 2, 28, 27, 2, 4, 3, 4, 2, 27, 27, 27, 27, 27, 27, 4, 4, 33, 27, 28, 27, 2, 4, 4, 2, 4, 49, 49, 2, 28, 2, 27, 27, 27, 27, 27, 27, 27, 27, 27, 2, 28, 27, 2, 2, 4, 2, 2, 27, 27, 33, 33, 27, 27, 4, 4, 33, 33, 28, 27, 2, 6, 2, 2, 2, 2, 2, 2, 27, 2, 27, 27, 27, 27, 27, 27, 27, 27, 27, 2, 28, 27, 27, 27, 4, 10, 27, 27, 33, 33, 33, 33, 27, 4, 4, 33, 27, 28, 27, 27, 27, 27, 28, 27, 27, 28, 27, 27, 2, 27, 27, 27, 27, 27, 27, 27, 27, 27, 2, 28, 28, 27, 27, 4, 27, 27, 33, 33, 28, 33, 33, 27, 4, 4, 33, 27, 27, 27, 27, 27, 28, 28, 28, 28, 28, 28, 27, 2, 27, 27, 27, 27, 27, 27, 27, 27, 27, 2, 28, 27, 27, 27, 4, 27, 27, 33, 28, 28, 28, 33, 33, 4, 4, 27, 27, 2, 2, 2, 2, 2, 2, 2, 2, 2, 28, 27, 2, 27, 27, 27, 27, 27, 27, 27, 27, 27, 2, 28, 27, 27, 27, 4, 27, 33, 33, 33, 28, 28, 28, 33, 4, 4, 27, 27, 2, 4, 4, 4, 2, 4, 4, 4, 2, 27, 27, 2, 27, 27, 27, 27, 27, 27, 27, 27, 27, 2, 27, 27, 27, 27, 4, 27, 33, 33, 28, 28, 28, 33, 27, 4, 4, 27, 27, 2, 4, 4, 4, 2, 4, 4, 4, 2, 27, 27, 2, 27, 27, 27, 27, 27, 27, 27, 27, 27, 2, 28, 28, 27, 27, 4, 27, 27, 33, 33, 33, 33, 33, 27, 4, 4, 27, 27, 2, 2, 4, 2, 2, 2, 4, 2, 2, 27, 28, 2, 27, 27, 27, 27, 27, 27, 27, 27, 27, 28, 28, 27, 27, 27, 4, 27, 27, 27, 27, 33, 33, 27, 27, 4, 4, 27, 27, 27, 27, 4, 27, 27, 27, 4, 27, 27, 27, 28, 28, 27, 27, 27, 27, 27, 27, 27, 27, 27, 4, 4, 4, 4, 4, 4, 4, 4, 4, 4, 4, 4, 4, 4, 4, 4, 4, 4, 4, 4, 4, 4, 4, 4, 4, 4, 4, 4, 4, 4, 27, 27, 27, 27, 27, 27, 27, 27, 27, 4, 4, 4, 4, 4, 4, 4, 4, 4, 4, 4, 4, 4, 4, 4, 4, 4, 4, 4, 4, 4, 4, 4, 4, 4, 4, 4, 4, 4, 4, 27, 27, 27, 27, 27, 27, 27, 27, 27, 28, 28, 27, 27, 27, 27, 27, 27, 4, 27, 27, 27, 27, 28, 27, 4, 27, 27, 27, 28, 27, 27, 27, 27, 27, 49, 49, 49, 28, 28, 27, 27, 27, 27, 27, 27, 27, 27, 27, 2, 28, 28, 27, 27, 27, 27, 27, 4, 27, 27, 27, 28, 28, 27, 4, 27, 28, 28, 28, 28, 27, 49, 49, 49, 49, 49, 49, 49, 28, 27, 27, 27, 27, 27, 27, 27, 27, 27, 2, 28, 27, 27, 27, 27, 27, 27, 4, 27, 27, 28, 28, 27, 27, 4, 28, 28, 28, 27, 27, 49, 49, 49, 49, 49, 49, 49, 49, 49, 27, 27, 27, 27, 27, 27, 27, 27, 27, 2, 27, 27, 27, 27, 27, 2, 11, 4, 2, 27, 27, 27, 27, 27, 4, 27, 28, 27, 27, 49, 49, 49, 49, 49, 49, 49, 49, 49, 49, 27, 27, 27, 27, 27, 27, 27, 27, 27, 2, 27, 2, 2, 2, 2, 2, 2, 4, 2, 2, 2, 27, 27, 27, 4, 28, 27, 27, 49, 49, 49, 49, 27, 27, 49, 49, 49, 49, 49, 27, 27, 27, 27, 27, 27, 27, 27, 27, 2, 27, 2, 4, 4, 2, 4, 4, 4, 3, 4, 2, 27, 27, 27, 4, 27, 27, 49, 49, 27, 27, 27, 27, 27, 27, 27, 49, 49, 49, 27, 27, 27, 27, 27, 27, 27, 27, 27, 2, 27, 2, 4, 4, 2, 4, 2, 2, 2, 2, 2, 27, 28, 27, 4, 4, 4, 35, 27, 27, 27, 27, 27, 27, 27, 27, 27, 27, 49, 27, 27, 27, 27, 27, 27, 27, 27, 27, 2, 27, 2, 4, 4, 6, 4, 4, 4, 4, 4, 2, 27, 28, 27, 27, 27, 27, 49, 27, 27, 1, 4, 1, 1, 1, 1, 28, 27, 49, 27, 27, 27, 27, 27, 27, 27, 27, 27, 2, 27, 2, 4, 2, 2, 4, 2, 2, 4, 4, 2, 27, 28, 28, 27, 27, 49, 49, 27, 27, 1, 1, 1, 1, 1, 1, 28, 27, 49, 27, 27, 27, 27, 27, 27, 27, 27, 27, 2, 27, 2, 4, 4, 2, 4, 4, 2, 4, 4, 2, 28, 28, 28, 28, 27, 49, 49, 49, 27, 1, 1, 1, 1, 1, 1, 27, 49, 49, 27, 27, 27, 27, 27, 27, 27, 27, 27, 2, 27, 2, 4, 4, 2, 4, 4, 2, 4, 4, 2, 27, 28, 28, 27, 27, 49, 49, 27, 27, 1, 1, 1, 1, 1, 1, 27, 28, 49, 27, 27, 27, 27, 27, 27, 27, 27, 27, 2, 27, 2, 2, 2, 2, 2, 2, 2, 2, 2, 2, 27, 28, 27, 27, 49, 49, 49, 49, 27, 1, 1, 1, 1, 1, 1, 28, 28, 49, 27, 27, 27, 27, 27, 27, 27, 27, 27, 2, 27, 27, 27, 27, 27, 27, 27, 27, 27, 27, 27, 27, 27, 27, 49, 49, 49, 49, 49, 27, 27, 27, 27, 27, 49, 49, 28, 49, 49, 27, 27, 27, 27, 27, 27, 27, 27, 27, 2, 2, 2, 2, 2, 2, 2, 2, 2, 2, 2, 2, 2, 2, 2, 2, 2, 2, 2, 2, 49, 49, 49, 49, 49, 49, 49, 49, 49, 49, 27, 27, 27, 27, 27, 27, 27, 27, 27, 27, 27, 27, 27, 27, 27, 27, 27, 27, 27, 27, 27, 27, 27, 27, 27, 27, 27, 27, 27, 27, 27, 27, 27, 27, 27, 27, 27, 27, 27, 27, 27, 27, 27, 27, 27, 27, 27, 27, 27, 27, 27, 27, 27, 27, 27, 27, 27, 27, 27, 27, 27, 27, 27, 27, 27, 27, 27, 27, 27, 27, 27, 27, 27, 27, 27, 27, 27, 27, 27, 27, 27, 27, 27, 27, 27, 27, 27, 27, 27, 27, 27, 27, 27, 27, 27, 27, 27, 27, 27, 27, 27, 27, 27, 27, 27, 27, 27, 27, 27, 27, 27, 27, 27, 27, 27, 27, 27, 27, 27, 27, 27, 27, 27, 27, 27, 27, 27, 27, 27, 27, 27, 27, 27, 27, 27, 27, 27, 27, 27, 27, 27, 27, 27, 27, 27, 27, 27, 27, 27, 27, 27, 27, 27, 27, 27, 27, 27, 27, 27, 27, 27, 27, 27, 27, 27, 27, 27, 27, 27, 27, 27, 27, 27, 27, 27, 27, 27, 27, 27, 27, 27, 27, 27, 27, 27, 27, 27, 27, 27, 27, 27, 27, 27, 27, 27, 27, 27, 27, 27, 27, 27, 27, 27, 27, 27, 27, 27, 27, 27, 27, 27, 27, 27, 27, 27, 27, 27, 27, 27, 27, 27, 27, 27, 27, 27, 27, 27, 27, 27, 27, 27, 27, 27, 27, 27, 27, 27, 27, 27, 27, 27, 27, 27, 27, 27, 27, 27, 27, 27, 27, 27, 27, 27, 27, 27, 27, 27, 27, 27, 27, 27, 27, 27, 27, 27, 27, 27, 27, 27, 27, 27, 27, 27, 27, 27, 27, 27, 27, 27, 27, 27],
         "height":38,
         "name":"tileLayer",
         "opacity":1,
         "type":"tilelayer",
         "visible":true,
         "width":39,
         "x":0,
         "y":0
        }, 
        {
         "data":[0, 0, 0, 0, 0, 0, 0, 0, 0, 0, 0, 0, 0, 0, 0, 0, 0, 0, 0, 0, 0, 0, 0, 0, 0, 0, 0, 0, 0, 0, 0, 0, 0, 0, 0, 0, 0, 0, 0, 0, 361, 361, 361, 361, 361, 361, 361, 361, 361, 361, 361, 361, 361, 0, 0, 0, 0, 361, 361, 361, 361, 361, 361, 361, 361, 361, 361, 361, 361, 361, 0, 0, 0, 0, 0, 0, 0, 0, 0, 361, 0, 0, 0, 0, 0, 0, 0, 0, 0, 0, 0, 0, 0, 0, 0, 0, 0, 0, 0, 0, 0, 0, 0, 0, 0, 0, 0, 0, 361, 0, 0, 0, 0, 0, 0, 0, 0, 0, 361, 0, 0, 0, 0, 0, 0, 0, 0, 0, 0, 0, 0, 0, 0, 0, 0, 0, 0, 0, 361, 361, 361, 361, 361, 361, 361, 361, 0, 361, 0, 0, 0, 0, 0, 0, 0, 0, 0, 361, 0, 0, 361, 361, 361, 361, 361, 0, 0, 0, 0, 0, 0, 0, 0, 0, 0, 0, 0, 361, 0, 0, 361, 0, 0, 0, 361, 0, 361, 0, 0, 0, 0, 0, 0, 0, 0, 0, 361, 0, 0, 361, 0, 0, 0, 361, 0, 0, 0, 0, 0, 0, 0, 0, 0, 0, 0, 0, 361, 0, 0, 361, 0, 0, 0, 361, 0, 361, 0, 0, 0, 0, 0, 0, 0, 0, 0, 361, 0, 0, 361, 0, 361, 0, 361, 0, 0, 0, 0, 0, 0, 0, 0, 0, 0, 0, 0, 361, 0, 0, 361, 0, 0, 0, 361, 0, 361, 0, 0, 0, 0, 0, 0, 0, 0, 0, 361, 0, 0, 361, 361, 0, 361, 361, 0, 0, 0, 0, 0, 0, 0, 0, 0, 0, 0, 0, 361, 361, 361, 361, 361, 361, 361, 361, 0, 361, 0, 0, 0, 0, 0, 0, 0, 0, 0, 361, 0, 0, 0, 0, 0, 361, 0, 0, 0, 0, 0, 0, 0, 0, 0, 0, 0, 0, 0, 0, 0, 0, 0, 0, 0, 0, 0, 0, 361, 0, 0, 0, 0, 0, 0, 0, 0, 0, 361, 0, 0, 0, 0, 0, 0, 0, 0, 0, 0, 0, 0, 0, 0, 0, 0, 0, 0, 0, 0, 0, 0, 0, 0, 0, 0, 0, 0, 361, 0, 0, 0, 0, 0, 0, 0, 0, 0, 361, 0, 0, 0, 0, 0, 0, 0, 0, 0, 0, 0, 0, 0, 0, 0, 0, 0, 361, 361, 361, 361, 361, 361, 361, 361, 361, 0, 0, 361, 0, 0, 0, 0, 0, 0, 0, 0, 0, 361, 0, 0, 0, 0, 0, 0, 0, 0, 0, 0, 0, 0, 0, 0, 0, 0, 0, 361, 0, 0, 0, 361, 0, 0, 0, 361, 0, 0, 361, 0, 0, 0, 0, 0, 0, 0, 0, 0, 361, 0, 0, 0, 0, 0, 0, 0, 0, 0, 0, 0, 0, 0, 0, 0, 0, 0, 361, 0, 0, 0, 361, 0, 0, 0, 361, 0, 0, 361, 0, 0, 0, 0, 0, 0, 0, 0, 0, 361, 0, 0, 0, 0, 0, 0, 0, 0, 0, 0, 0, 0, 0, 0, 0, 0, 0, 361, 361, 0, 361, 361, 361, 0, 361, 361, 0, 0, 361, 0, 0, 0, 0, 0, 0, 0, 0, 0, 0, 0, 0, 0, 0, 0, 0, 0, 0, 0, 0, 0, 0, 0, 0, 0, 0, 0, 0, 0, 0, 0, 0, 0, 0, 0, 0, 0, 0, 0, 0, 0, 0, 0, 0, 0, 0, 0, 0, 0, 0, 0, 0, 0, 0, 0, 0, 0, 0, 0, 0, 0, 0, 0, 0, 0, 0, 0, 0, 0, 0, 0, 0, 0, 0, 0, 0, 0, 0, 0, 0, 0, 0, 0, 0, 0, 0, 0, 0, 0, 0, 0, 0, 0, 0, 0, 0, 0, 0, 0, 0, 0, 0, 0, 0, 0, 0, 0, 0, 0, 0, 0, 0, 0, 0, 0, 0, 0, 0, 0, 0, 0, 0, 0, 0, 0, 0, 0, 0, 0, 0, 0, 0, 0, 0, 0, 0, 0, 0, 0, 0, 0, 0, 0, 0, 0, 0, 0, 0, 0, 0, 0, 361, 361, 361, 0, 0, 0, 0, 0, 0, 0, 0, 0, 0, 0, 361, 0, 0, 0, 0, 0, 0, 0, 0, 0, 0, 0, 0, 0, 0, 0, 0, 0, 0, 0, 0, 0, 361, 361, 361, 0, 0, 0, 361, 0, 0, 0, 0, 0, 0, 0, 0, 0, 0, 361, 0, 0, 0, 0, 0, 0, 0, 0, 0, 0, 0, 0, 0, 0, 0, 0, 0, 0, 0, 0, 361, 0, 0, 0, 0, 0, 0, 0, 361, 0, 0, 0, 0, 0, 0, 0, 0, 0, 361, 0, 0, 0, 0, 0, 361, 361, 0, 361, 0, 0, 0, 0, 0, 0, 0, 0, 0, 0, 361, 0, 0, 361, 361, 0, 0, 0, 0, 0, 0, 0, 0, 0, 0, 0, 0, 0, 0, 361, 0, 361, 361, 361, 361, 361, 361, 0, 361, 361, 361, 0, 0, 0, 0, 0, 0, 0, 361, 361, 361, 361, 0, 0, 361, 361, 0, 0, 0, 0, 0, 0, 0, 0, 0, 0, 0, 0, 361, 0, 361, 0, 0, 361, 0, 0, 0, 361, 0, 361, 0, 0, 0, 0, 0, 0, 361, 361, 0, 0, 0, 0, 0, 0, 0, 361, 361, 0, 0, 0, 0, 0, 0, 0, 0, 0, 0, 361, 0, 361, 0, 0, 361, 0, 361, 361, 361, 361, 361, 0, 0, 0, 0, 0, 0, 0, 0, 0, 0, 0, 0, 0, 0, 0, 0, 0, 361, 0, 0, 0, 0, 0, 0, 0, 0, 0, 361, 0, 361, 0, 0, 361, 0, 0, 0, 0, 0, 361, 0, 0, 0, 0, 0, 0, 361, 0, 0, 361, 0, 361, 361, 361, 361, 0, 0, 361, 0, 0, 0, 0, 0, 0, 0, 0, 0, 361, 0, 361, 0, 361, 361, 0, 361, 361, 0, 0, 361, 0, 0, 0, 0, 0, 361, 361, 0, 0, 361, 0, 0, 361, 0, 361, 0, 0, 361, 0, 0, 0, 0, 0, 0, 0, 0, 0, 361, 0, 361, 0, 0, 361, 0, 0, 361, 0, 0, 361, 0, 0, 0, 0, 0, 361, 0, 361, 0, 361, 0, 0, 361, 0, 361, 0, 361, 0, 0, 0, 0, 0, 0, 0, 0, 0, 0, 361, 0, 361, 0, 0, 361, 0, 0, 361, 0, 0, 361, 0, 0, 0, 0, 0, 361, 361, 0, 0, 361, 0, 0, 361, 0, 361, 0, 0, 361, 0, 0, 0, 0, 0, 0, 0, 0, 0, 361, 0, 361, 361, 361, 361, 361, 361, 361, 361, 361, 361, 0, 0, 0, 0, 361, 0, 0, 361, 0, 361, 361, 361, 361, 361, 361, 0, 0, 361, 0, 0, 0, 0, 0, 0, 0, 0, 0, 361, 0, 0, 0, 0, 0, 0, 0, 0, 0, 0, 0, 0, 0, 0, 361, 0, 0, 0, 361, 0, 0, 0, 0, 0, 361, 361, 0, 361, 0, 0, 0, 0, 0, 0, 0, 0, 0, 0, 361, 361, 361, 361, 361, 361, 361, 361, 361, 361, 361, 361, 361, 361, 361, 361, 361, 361, 361, 361, 361, 361, 361, 361, 361, 0, 0, 361, 0, 0, 0, 0, 0, 0, 0, 0, 0, 0, 0, 0, 0, 0, 0, 0, 0, 0, 0, 0, 0, 0, 0, 0, 0, 0, 0, 0, 0, 0, 0, 0, 0, 0, 0, 0, 0, 0, 0, 0, 0, 0, 0, 0, 0, 0, 0, 0, 0, 0, 0, 0, 0, 0, 0, 0, 0, 0, 0, 0, 0, 0, 0, 0, 0, 0, 0, 0, 0, 0, 0, 0, 0, 0, 0, 0, 0, 0, 0, 0, 0, 0, 0, 0, 0, 0, 0, 0, 0, 0, 0, 0, 0, 0, 0, 0, 0, 0, 0, 0, 0, 0, 0, 0, 0, 0, 0, 0, 0, 0, 0, 0, 0, 0, 0, 0, 0, 0, 0, 0, 0, 0, 0, 0, 0, 0, 0, 0, 0, 0, 0, 0, 0, 0, 0, 0, 0, 0, 0, 0, 0, 0, 0, 0, 0, 0, 0, 0, 0, 0, 0, 0, 0, 0, 0, 0, 0, 0, 0, 0, 0, 0, 0, 0, 0, 0, 0, 0, 0, 0, 0, 0, 0, 0, 0, 0, 0, 0, 0, 0, 0, 0, 0, 0, 0, 0, 0, 0, 0, 0, 0, 0, 0, 0, 0, 0, 0, 0, 0, 0, 0, 0, 0, 0, 0, 0, 0, 0, 0, 0, 0, 0, 0, 0, 0, 0, 0, 0, 0, 0, 0, 0, 0, 0, 0, 0, 0, 0, 0, 0, 0, 0, 0, 0, 0, 0, 0, 0, 0, 0, 0, 0, 0, 0, 0, 0, 0, 0, 0, 0, 0, 0, 0, 0, 0, 0, 0, 0, 0, 0, 0, 0, 0, 0, 0, 0, 0, 0, 0, 0, 0, 0, 0, 0, 0, 0, 0, 0, 0, 0, 0, 0, 0],
         "height":38,
         "name":"collisionLayer",
         "opacity":0.259999990463257,
         "type":"tilelayer",
         "visible":true,
         "width":39,
         "x":0,
         "y":0
        }, 
        {
         "height":38,
         "name":"warpLayer",
         "objects":[
                {
                 "height":64,
                 "name":"exit2",
                 "properties":
                    {
                     "col":"50",
                     "dir":"south",
                     "map":"overworld",
                     "row":"51"
                    },
                 "type":"warp",
                 "visible":true,
                 "width":16,
                 "x":0,
                 "y":224
                }, 
                {
                 "height":80,
                 "name":"exit3",
                 "properties":
                    {
                     "col":"50",
                     "dir":"south",
                     "map":"overworld",
                     "row":"51"
                    },
                 "type":"warp",
                 "visible":true,
                 "width":16,
                 "x":496,
                 "y":224
                }, 
                {
                 "height":16,
                 "name":"exit1",
                 "properties":
                    {
                     "col":"50",
                     "dir":"south",
                     "map":"overworld",
                     "row":"51"
                    },
                 "type":"warp",
                 "visible":true,
                 "width":64,
                 "x":224,
                 "y":0
                }, 
                {
                 "height":16,
                 "name":"goInItemShop",
                 "properties":
                    {
                     "inside":"true"
                    },
                 "type":"insideOutside",
                 "visible":true,
                 "width":16,
                 "x":368,
                 "y":400
                }, 
                {
                 "height":16,
                 "name":"leaveItemShop",
                 "properties":
                    {
                     "inside":"false"
                    },
                 "type":"insideOutside",
                 "visible":true,
                 "width":16,
                 "x":368,
                 "y":384
                }],
         "opacity":1,
         "type":"objectgroup",
         "visible":true,
         "width":39,
         "x":0,
         "y":0
        }, 
        {
         "height":38,
         "name":"npcLayer",
         "objects":[
                {
                 "height":16,
                 "name":"greeter",
                 "properties":
                    {
                     "range":"2, 14, 5, 16",
                     "type":"man_blue",
                     "wanders":"false"
                    },
                 "type":"npc",
                 "visible":true,
                 "width":16,
                 "x":32,
                 "y":224
                }, 
                {
                 "height":16,
                 "name":"woman_at_shop",
                 "properties":
                    {
                     "type":"woman_blue",
                     "wanders":"false"
                    },
                 "type":"npc",
                 "visible":true,
                 "width":16,
                 "x":80,
                 "y":128
                }, 
                {
                 "height":16,
                 "name":"soldier1",
                 "properties":
                    {
                     "type":"soldier_red",
                     "wanders":"true"
                    },
                 "type":"npc",
                 "visible":true,
                 "width":16,
                 "x":192,
                 "y":272
                }, 
                {
                 "height":16,
                 "name":"merchant1",
                 "properties":
                    {
                     "type":"merchant_green",
                     "wanders":"false"
                    },
                 "type":"npc",
                 "visible":true,
                 "width":16,
                 "x":96,
                 "y":80
                }, 
                {
                 "height":16,
                 "name":"innkeeper",
                 "properties":
                    {
                     "dir":"west",
                     "type":"merchant_green",
                     "wanders":"false"
                    },
                 "type":"npc",
                 "visible":true,
                 "width":16,
                 "x":176,
                 "y":352
                }, 
                {
                 "height":16,
                 "name":"table1",
                 "properties":
                    {

                    },
                 "type":"talkAcross",
                 "visible":true,
                 "width":16,
                 "x":160,
                 "y":352
                }, 
                {
                 "height":16,
                 "name":"table2",
                 "properties":
                    {

                    },
                 "type":"talkAcross",
                 "visible":true,
                 "width":16,
                 "x":96,
                 "y":96
                }, 
                {
                 "height":16,
                 "name":"oldman_test",
                 "properties":
                    {
                     "type":"old_man_gray",
                     "wanders":"true"
                    },
                 "type":"npc",
                 "visible":true,
                 "width":16,
                 "x":112,
                 "y":224
                }, 
                {
                 "height":16,
                 "name":"oldman1",
                 "properties":
                    {
                     "type":"old_man_gray",
                     "wanders":"true"
                    },
                 "type":"npc",
                 "visible":true,
                 "width":16,
                 "x":160,
                 "y":80
                }, 
                {
                 "height":16,
                 "name":"itemMerchant",
                 "properties":
                    {
                     "dir":"west",
                     "type":"merchant",
                     "wanders":"false"
                    },
                 "type":"npc",
                 "visible":true,
                 "width":16,
                 "x":416,
                 "y":416
                }, 
                {
                 "height":16,
                 "name":"itemMerchantTable",
                 "properties":
                    {

                    },
                 "type":"talkAcross",
                 "visible":true,
                 "width":16,
                 "x":400,
                 "y":416
                }],
         "opacity":1,
         "type":"objectgroup",
         "visible":true,
         "width":39,
         "x":0,
         "y":0
        }],
 "orientation":"orthogonal",
 "properties":
    {
     "logicFile":"brecconary",
     "music":"MUSIC_TOWN"
    },
 "tileheight":16,
 "tilesets":[
        {
         "firstgid":1,
         "image":"..\/tiles.png",
         "imageheight":254,
         "imagewidth":407,
         "margin":0,
         "name":"tiles",
         "properties":
            {

            },
         "spacing":1,
         "tileheight":16,
         "tilewidth":16
        }, 
        {
         "firstgid":361,
         "image":"..\/collision.png",
         "imageheight":50,
         "imagewidth":50,
         "margin":0,
         "name":"collision",
         "properties":
            {

            },
         "spacing":1,
         "tileheight":16,
         "tilewidth":16
        }],
 "tilewidth":16,
 "version":1,
 "width":39
}