{ "height":20,
 "layers":[
        {
         "data":[2, 2, 2, 2, 2, 2, 2, 2, 2, 2, 2, 2, 12, 12, 12, 12, 12, 12, 12, 12, 2, 4, 4, 4, 4, 4, 4, 4, 4, 4, 4, 2, 12, 12, 12, 12, 12, 12, 12, 12, 2, 4, 2, 2, 2, 2, 2, 4, 2, 2, 2, 2, 12, 12, 12, 12, 12, 12, 12, 12, 2, 4, 4, 4, 4, 4, 2, 4, 2, 4, 4, 2, 12, 12, 12, 12, 12, 12, 12, 12, 2, 2, 2, 2, 4, 2, 2, 4, 4, 4, 5, 2, 12, 12, 12, 12, 12, 12, 12, 12, 2, 4, 4, 4, 4, 2, 4, 2, 2, 4, 4, 2, 12, 12, 12, 12, 12, 12, 12, 12, 2, 4, 2, 4, 2, 2, 4, 2, 4, 2, 2, 2, 12, 12, 12, 12, 12, 12, 12, 12, 2, 4, 2, 2, 4, 2, 4, 4, 4, 4, 4, 2, 12, 12, 12, 12, 12, 12, 12, 12, 2, 4, 4, 4, 4, 2, 2, 4, 2, 2, 4, 2, 12, 12, 12, 12, 12, 12, 12, 12, 2, 2, 4, 2, 4, 4, 2, 4, 2, 4, 4, 2, 12, 12, 12, 12, 12, 12, 12, 12, 2, 4, 4, 4, 2, 4, 4, 4, 2, 8, 4, 2, 12, 12, 12, 12, 12, 12, 12, 12, 2, 2, 2, 2, 2, 2, 2, 2, 2, 2, 2, 2, 12, 12, 12, 12, 12, 12, 12, 12, 12, 12, 12, 12, 12, 12, 12, 12, 12, 12, 12, 12, 12, 12, 12, 12, 12, 12, 12, 12, 12, 12, 12, 12, 12, 12, 12, 12, 12, 12, 12, 12, 12, 12, 12, 12, 12, 12, 12, 12, 12, 12, 12, 12, 12, 12, 12, 12, 12, 12, 12, 12, 12, 12, 12, 12, 12, 12, 12, 12, 12, 12, 12, 12, 12, 12, 12, 12, 12, 12, 12, 12, 12, 12, 12, 12, 12, 12, 12, 12, 12, 12, 12, 12, 12, 12, 12, 12, 12, 12, 12, 12, 12, 12, 12, 12, 12, 12, 12, 12, 12, 12, 12, 12, 12, 12, 12, 12, 12, 12, 12, 12, 12, 12, 12, 12, 12, 12, 12, 12, 12, 12, 12, 12, 12, 12, 12, 12, 12, 12, 12, 12, 12, 12, 12, 12, 12, 12, 12, 12, 12, 12, 12, 12, 12, 12, 12, 12, 12, 12, 12, 12, 12, 12, 12, 12, 12, 12, 12, 12],
         "height":20,
         "name":"tileLayer",
         "opacity":1,
         "type":"tilelayer",
         "visible":true,
         "width":20,
         "x":0,
         "y":0
        }, 
        {
         "data":[361, 361, 361, 361, 361, 361, 361, 361, 361, 361, 361, 361, 0, 0, 0, 0, 0, 0, 0, 0, 361, 0, 0, 0, 0, 0, 0, 0, 0, 0, 0, 361, 0, 0, 0, 0, 0, 0, 0, 0, 361, 0, 361, 361, 361, 361, 361, 0, 361, 361, 361, 361, 0, 0, 0, 0, 0, 0, 0, 0, 361, 0, 0, 0, 0, 0, 361, 0, 361, 0, 0, 361, 0, 0, 0, 0, 0, 0, 0, 0, 361, 361, 361, 361, 0, 361, 361, 0, 0, 0, 0, 361, 0, 0, 0, 0, 0, 0, 0, 0, 361, 0, 0, 0, 0, 361, 0, 361, 361, 0, 0, 361, 0, 0, 0, 0, 0, 0, 0, 0, 361, 0, 361, 0, 361, 361, 0, 361, 0, 361, 361, 361, 0, 0, 0, 0, 0, 0, 0, 0, 361, 0, 361, 361, 0, 361, 0, 0, 0, 0, 0, 361, 0, 0, 0, 0, 0, 0, 0, 0, 361, 0, 0, 0, 0, 361, 361, 0, 361, 361, 0, 361, 0, 0, 0, 0, 0, 0, 0, 0, 361, 361, 0, 361, 0, 0, 361, 0, 361, 0, 0, 361, 0, 0, 0, 0, 0, 0, 0, 0, 361, 0, 0, 0, 361, 0, 0, 0, 361, 0, 0, 361, 0, 0, 0, 0, 0, 0, 0, 0, 361, 361, 361, 361, 361, 361, 361, 361, 361, 361, 361, 361, 0, 0, 0, 0, 0, 0, 0, 0, 0, 0, 0, 0, 0, 0, 0, 0, 0, 0, 0, 0, 0, 0, 0, 0, 0, 0, 0, 0, 0, 0, 0, 0, 0, 0, 0, 0, 0, 0, 0, 0, 0, 0, 0, 0, 0, 0, 0, 0, 0, 0, 0, 0, 0, 0, 0, 0, 0, 0, 0, 0, 0, 0, 0, 0, 0, 0, 0, 0, 0, 0, 0, 0, 0, 0, 0, 0, 0, 0, 0, 0, 0, 0, 0, 0, 0, 0, 0, 0, 0, 0, 0, 0, 0, 0, 0, 0, 0, 0, 0, 0, 0, 0, 0, 0, 0, 0, 0, 0, 0, 0, 0, 0, 0, 0, 0, 0, 0, 0, 0, 0, 0, 0, 0, 0, 0, 0, 0, 0, 0, 0, 0, 0, 0, 0, 0, 0, 0, 0, 0, 0, 0, 0, 0, 0, 0, 0, 0, 0, 0, 0, 0, 0, 0, 0, 0, 0, 0, 0, 0, 0, 0, 0, 0, 0, 0, 0, 0, 0],
         "height":20,
         "name":"collisionLayer",
         "opacity":0.46000000834465,
         "type":"tilelayer",
         "visible":true,
         "width":20,
         "x":0,
         "y":0
        }, 
        {
         "height":20,
         "name":"warpLayer",
         "objects":[
                {
                 "height":16,
                 "name":"upstairs",
                 "properties":
                    {
                     "col":"10",
                     "map":"erdricksCave1",
                     "row":"10"
                    },
                 "type":"warp",
                 "visible":true,
                 "width":16,
                 "x":144,
                 "y":160
                }],
         "opacity":1,
         "type":"objectgroup",
         "visible":true,
         "width":20,
         "x":0,
         "y":0
        }],
 "orientation":"orthogonal",
 "properties":
    {
     "logicFile":"erdricksCave2",
     "music":"MUSIC_DUNGEON_FLOOR_1"
    },
 "tileheight":16,
 "tilesets":[
        {
         "firstgid":1,
         "image":"..\/tiles.png",
         "imageheight":254,
         "imagewidth":407,
         "margin":0,
         "name":"tiles",
         "properties":
            {

            },
         "spacing":1,
         "tileheight":16,
         "tilewidth":16
        }, 
        {
         "firstgid":361,
         "image":"..\/collision.png",
         "imageheight":50,
         "imagewidth":50,
         "margin":0,
         "name":"collision",
         "properties":
            {

            },
         "spacing":1,
         "tileheight":16,
         "tilewidth":16
        }],
 "tilewidth":16,
 "version":1,
 "width":20
}