{ "height":20,
 "layers":[
        {
         "data":[2, 2, 2, 2, 2, 2, 2, 2, 2, 2, 2, 2, 12, 12, 12, 12, 12, 12, 12, 12, 2, 8, 4, 2, 4, 4, 4, 4, 2, 2, 4, 2, 12, 12, 12, 12, 12, 12, 12, 12, 2, 2, 4, 2, 4, 2, 2, 4, 4, 4, 4, 2, 12, 12, 12, 12, 12, 12, 12, 12, 2, 4, 4, 4, 4, 4, 4, 4, 2, 2, 4, 2, 12, 12, 12, 12, 12, 12, 12, 12, 2, 2, 4, 2, 2, 2, 4, 2, 2, 4, 4, 2, 12, 12, 12, 12, 12, 12, 12, 12, 2, 4, 4, 2, 4, 4, 4, 2, 4, 4, 2, 2, 12, 12, 12, 12, 12, 12, 12, 12, 2, 4, 2, 2, 2, 2, 4, 4, 4, 2, 2, 2, 12, 12, 12, 12, 12, 12, 12, 12, 2, 4, 4, 4, 4, 4, 4, 2, 4, 2, 4, 2, 12, 12, 12, 12, 12, 12, 12, 12, 2, 2, 2, 4, 2, 4, 2, 2, 4, 4, 4, 2, 12, 12, 12, 12, 12, 12, 12, 12, 12, 2, 4, 4, 4, 4, 4, 2, 4, 2, 4, 2, 12, 12, 12, 12, 12, 12, 12, 12, 12, 2, 4, 2, 4, 2, 4, 4, 4, 2, 7, 2, 12, 12, 12, 12, 12, 12, 12, 12, 12, 2, 2, 2, 2, 2, 2, 2, 2, 2, 2, 2, 12, 12, 12, 12, 12, 12, 12, 12, 12, 12, 12, 12, 12, 12, 12, 12, 12, 12, 12, 12, 12, 12, 12, 12, 12, 12, 12, 12, 12, 12, 12, 12, 12, 12, 12, 12, 12, 12, 12, 12, 12, 12, 12, 12, 12, 12, 12, 12, 12, 12, 12, 12, 12, 12, 12, 12, 12, 12, 12, 12, 12, 12, 12, 12, 12, 12, 12, 12, 12, 12, 12, 12, 12, 12, 12, 12, 12, 12, 12, 12, 12, 12, 12, 12, 12, 12, 12, 12, 12, 12, 12, 12, 12, 12, 12, 12, 12, 12, 12, 12, 12, 12, 12, 12, 12, 12, 12, 12, 12, 12, 12, 12, 12, 12, 12, 12, 12, 12, 12, 12, 12, 12, 12, 12, 12, 12, 12, 12, 12, 12, 12, 12, 12, 12, 12, 12, 12, 12, 12, 12, 12, 12, 12, 12, 12, 12, 12, 12, 12, 12, 12, 12, 12, 12, 12, 12, 12, 12, 12, 12, 12, 12, 12, 12, 12, 12, 12, 12],
         "height":20,
         "name":"tileLayer",
         "opacity":1,
         "type":"tilelayer",
         "visible":true,
         "width":20,
         "x":0,
         "y":0
        }, 
        {
         "data":[361, 361, 361, 361, 361, 361, 361, 361, 361, 361, 361, 361, 0, 0, 0, 0, 0, 0, 0, 0, 361, 0, 0, 361, 0, 0, 0, 0, 361, 361, 0, 361, 0, 0, 0, 0, 0, 0, 0, 0, 361, 361, 0, 361, 0, 361, 361, 0, 0, 0, 0, 361, 0, 0, 0, 0, 0, 0, 0, 0, 361, 0, 0, 0, 0, 0, 0, 0, 361, 361, 0, 361, 0, 0, 0, 0, 0, 0, 0, 0, 361, 361, 0, 361, 361, 361, 0, 361, 361, 0, 0, 361, 0, 0, 0, 0, 0, 0, 0, 0, 361, 0, 0, 361, 0, 0, 0, 361, 0, 0, 361, 361, 0, 0, 0, 0, 0, 0, 0, 0, 361, 0, 361, 361, 361, 361, 0, 0, 0, 361, 361, 361, 0, 0, 0, 0, 0, 0, 0, 0, 361, 0, 0, 0, 0, 0, 0, 361, 0, 361, 0, 361, 0, 0, 0, 0, 0, 0, 0, 0, 361, 361, 361, 0, 361, 0, 361, 361, 0, 0, 0, 361, 0, 0, 0, 0, 0, 0, 0, 0, 0, 361, 0, 0, 0, 0, 0, 361, 0, 361, 0, 361, 0, 0, 0, 0, 0, 0, 0, 0, 0, 361, 0, 361, 0, 361, 0, 0, 0, 361, 0, 361, 0, 0, 0, 0, 0, 0, 0, 0, 0, 361, 361, 361, 361, 361, 361, 361, 361, 361, 361, 361, 0, 0, 0, 0, 0, 0, 0, 0, 0, 0, 0, 0, 0, 0, 0, 0, 0, 0, 0, 0, 0, 0, 0, 0, 0, 0, 0, 0, 0, 0, 0, 0, 0, 0, 0, 0, 0, 0, 0, 0, 0, 0, 0, 0, 0, 0, 0, 0, 0, 0, 0, 0, 0, 0, 0, 0, 0, 0, 0, 0, 0, 0, 0, 0, 0, 0, 0, 0, 0, 0, 0, 0, 0, 0, 0, 0, 0, 0, 0, 0, 0, 0, 0, 0, 0, 0, 0, 0, 0, 0, 0, 0, 0, 0, 0, 0, 0, 0, 0, 0, 0, 0, 0, 0, 0, 0, 0, 0, 0, 0, 0, 0, 0, 0, 0, 0, 0, 0, 0, 0, 0, 0, 0, 0, 0, 0, 0, 0, 0, 0, 0, 0, 0, 0, 0, 0, 0, 0, 0, 0, 0, 0, 0, 0, 0, 0, 0, 0, 0, 0, 0, 0, 0, 0, 0, 0, 0, 0, 0, 0, 0, 0, 0, 0, 0, 0, 0, 0],
         "height":20,
         "name":"collisionLayer",
         "opacity":0.469999998807907,
         "type":"tilelayer",
         "visible":true,
         "width":20,
         "x":0,
         "y":0
        }, 
        {
         "height":20,
         "name":"warpLayer",
         "objects":[
                {
                 "height":16,
                 "name":"downstairs",
                 "properties":
                    {
                     "col":"9",
                     "map":"erdricksCave2",
                     "row":"10"
                    },
                 "type":"warp",
                 "visible":true,
                 "width":16,
                 "x":160,
                 "y":160
                }, 
                {
                 "height":16,
                 "name":"outside",
                 "properties":
                    {
                     "col":"31",
                     "map":"overworld",
                     "row":"22"
                    },
                 "type":"warp",
                 "visible":true,
                 "width":16,
                 "x":16,
                 "y":16
                }],
         "opacity":1,
         "type":"objectgroup",
         "visible":true,
         "width":20,
         "x":0,
         "y":0
        }],
 "orientation":"orthogonal",
 "properties":
    {
     "logicFile":"erdricksCave1",
     "music":"MUSIC_DUNGEON_FLOOR_1",
     "requiresTorch":"true"
    },
 "tileheight":16,
 "tilesets":[
        {
         "firstgid":1,
         "image":"..\/tiles.png",
         "imageheight":254,
         "imagewidth":407,
         "margin":0,
         "name":"tiles",
         "properties":
            {

            },
         "spacing":1,
         "tileheight":16,
         "tilewidth":16
        }, 
        {
         "firstgid":361,
         "image":"..\/collision.png",
         "imageheight":50,
         "imagewidth":50,
         "margin":0,
         "name":"collision",
         "properties":
            {

            },
         "spacing":1,
         "tileheight":16,
         "tilewidth":16,
         "transparentcolor":"#ffffff"
        }],
 "tilewidth":16,
 "version":1,
 "width":20
}